TTCTTT,1
GCTGTT,2
CACGTT,3
TGGCTT,4
ATACTT,5
CCAATT,6
CCTTGT,7
TTGGGT,8
GAAGGT,9
GTCCGT,10
TGCAGT,11
GGGTCT,12
ACATCT,13
CGTGCT,14
TAACCT,15
TTTACT,16
CAGACT,17
AAGTAT,18
CGCTAT,19
GTATAT,20
CCGGAT,21
CTTCAT,22
ACTAAT,23
CGGTTG,24
GACTTG,25
GTGGTG,26
ACAGTG,27
AGTCTG,28
CTCCTG,29
TGTATG,30
GCGTGG,31
CATCGG,32
TTACGG,33
TAGAGG,34
CTTTCG,35
TGCTCG,36
TATGCG,37
ACGCCG,38
GGACCG,39
ATAACG,40
ACCTAG,41
TAATAG,42
ATTGAG,43
CCACAG,44
CGTAAG,45
TTCAAG,46
TATTTC,47
CCCTTC,48
CGAGTC,49
AAGCTC,50
GGCCTC,51
TAACTC,52
TTGGTC,53
TGTGGC,54
AACGGC,55
ATTCGC,56
CCGCGC,57
GGGAGC,58
CTCAGC,59
ACAAGC,60
TTGTCC,61
CAATCC,62
ATGGCC,63
GATTCC,64
CCTACC,65
AGCACC,66
CTGTAC,67
TAGGAC,68
GCCGAC,69
CACCAC,70
GTTAAC,71
TGAAAC,72
AGCTTA,73
CTATTA,74
TAGGTA,75
CCTCTA,76
GAAATA,77
CACTGA,78
TGATGA,79
CTTGGA,80
AGGCGA,81
TACCGA,82
GCTAGA,83
AATTCA,84
GTCTCA,85
ACCGCA,86
TTAGCA,87
CTGCCA,88
TACACA,89
CGAACA,90
GCTTAA,91
TGCGAA,92
CAAGAA,93
GAGCAA,94
ATCCAA,95
CCCAAA,96
